object_id,timestep,labelimage_oid,User Label,Predicted Class,Probability of Vacular,Probability of NonVascular,Bounding Box Maximum_0,Bounding Box Maximum_1,Bounding Box Minimum_0,Bounding Box Minimum_1,Size in pixels,Center of the object_0,Center of the object_1
0,0,1,0,NonVascular,0.09,0.91,528.0,17.0,505.0,0.0,325.0,516.95074,7.270769
1,0,2,0,NonVascular,0.3,0.7,576.0,61.0,509.0,0.0,1924.0,544.7308,30.997921
2,0,3,0,NonVascular,0.26,0.74,610.0,14.0,603.0,0.0,81.0,605.7778,5.9135804
3,0,4,0,Vacular,0.53,0.47,715.0,83.0,668.0,0.0,1735.0,692.39136,36.643227
4,0,5,0,NonVascular,0.25,0.75,838.0,85.0,745.0,0.0,2875.0,788.5144,43.609737
5,0,6,0,NonVascular,0.08,0.92,876.0,42.0,830.0,0.0,658.0,851.88605,18.32067
6,0,7,0,NonVascular,0.04,0.96,930.0,41.0,864.0,0.0,1443.0,898.2349,20.392931
7,0,8,0,NonVascular,0.02,0.98,1005.0,33.0,957.0,0.0,1133.0,980.7723,15.363636
8,0,9,0,NonVascular,0.0,1.0,1067.0,37.0,1020.0,0.0,1133.0,1044.7114,17.33098
9,0,10,0,Vacular,0.82,0.18,1120.0,13.0,1098.0,0.0,195.0,1107.877,4.5128207
10,0,11,0,NonVascular,0.07,0.93,1175.0,13.0,1151.0,0.0,212.0,1161.7971,5.212264
11,0,12,0,NonVascular,0.25,0.75,1300.0,65.0,1205.0,0.0,2532.0,1249.7567,26.224724
12,0,13,0,NonVascular,0.24,0.76,1190.0,22.0,1175.0,5.0,169.0,1181.8876,14.242603
13,0,14,0,NonVascular,0.23,0.77,1106.0,27.0,1086.0,7.0,257.0,1095.463,16.81323
14,0,15,0,NonVascular,0.3,0.7,1755.0,26.0,1734.0,8.0,276.0,1743.7935,16.800724
15,0,16,0,NonVascular,0.02,0.98,1174.0,56.0,1144.0,17.0,648.0,1157.7562,36.02778
16,0,17,0,Vacular,0.99,0.01,1105.0,64.0,1076.0,37.0,506.0,1089.3123,48.187748
17,0,18,0,NonVascular,0.15,0.85,995.0,97.0,935.0,40.0,1890.0,965.1725,64.772484
18,0,19,0,NonVascular,0.02,0.98,1197.0,87.0,1168.0,42.0,941.0,1181.7949,65.16366
19,0,20,0,NonVascular,0.02,0.98,1075.0,75.0,1018.0,46.0,1015.0,1043.8611,60.986206
20,0,21,0,NonVascular,0.17,0.83,345.0,69.0,328.0,52.0,153.0,334.26797,58.91503
21,0,22,0,NonVascular,0.3,0.7,725.0,164.0,571.0,60.0,4512.0,649.69147,119.86392
22,0,23,0,Vacular,0.82,0.18,355.0,89.0,332.0,64.0,406.0,343.66995,76.118225
23,0,24,0,NonVascular,0.0,1.0,948.0,128.0,846.0,67.0,3233.0,901.0396,99.194244
24,0,25,0,NonVascular,0.2,0.8,1261.0,86.0,1247.0,72.0,116.0,1252.9828,77.88793
25,0,26,0,Vacular,0.94,0.06,448.0,93.0,424.0,75.0,339.0,434.87906,83.18289
26,0,27,0,NonVascular,0.05,0.95,1146.0,227.0,1014.0,77.0,7107.0,1094.5012,149.93486
27,0,28,0,Vacular,0.98,0.02,754.0,103.0,734.0,80.0,348.0,743.7816,91.5
28,0,29,0,NonVascular,0.02,0.98,491.0,112.0,451.0,81.0,443.0,473.4808,96.329575
29,0,30,0,NonVascular,0.06,0.94,602.0,103.0,589.0,85.0,169.0,595.071,93.39053
30,0,31,0,Vacular,0.94,0.06,1020.0,108.0,992.0,88.0,373.0,1004.3539,96.36461
31,0,32,0,NonVascular,0.18,0.82,784.0,108.0,766.0,93.0,190.0,773.8158,100.61579
32,0,33,0,NonVascular,0.08,0.92,1083.0,120.0,1058.0,94.0,289.0,1068.2941,106.67128
33,0,34,0,NonVascular,0.48,0.52,1722.0,118.0,1703.0,96.0,338.0,1711.9053,105.91716
34,0,35,0,NonVascular,0.0,1.0,1235.0,162.0,1168.0,106.0,1294.0,1198.8068,140.2473
35,0,36,0,Vacular,1.0,0.0,568.0,136.0,547.0,114.0,358.0,556.72345,124.790504
36,0,37,0,Vacular,0.87,0.13,861.0,143.0,833.0,116.0,503.0,845.24054,130.36183
37,0,38,0,NonVascular,0.02,0.98,1010.0,157.0,953.0,116.0,840.0,986.8417,134.81429
38,0,39,0,Vacular,0.99,0.01,812.0,143.0,789.0,117.0,456.0,800.5263,129.6579
39,0,40,0,NonVascular,0.08,0.92,1403.0,142.0,1393.0,117.0,160.0,1397.1438,128.125
40,0,41,0,NonVascular,0.01,0.99,235.0,206.0,155.0,119.0,2795.0,187.31056,169.14061
41,0,42,0,NonVascular,0.23,0.77,913.0,262.0,776.0,137.0,5143.0,849.8454,198.776
42,0,43,0,NonVascular,0.01,0.99,343.0,188.0,316.0,156.0,591.0,329.95938,170.81895
43,0,44,0,NonVascular,0.18,0.82,946.0,183.0,923.0,156.0,421.0,933.8741,168.80998
44,0,45,0,NonVascular,0.41,0.59,1225.0,189.0,1207.0,162.0,262.0,1216.6183,172.21375
45,0,46,0,NonVascular,0.0,1.0,1324.0,197.0,1269.0,162.0,1066.0,1294.1051,178.2561
46,0,47,0,Vacular,0.91,0.09,1014.0,191.0,983.0,170.0,463.0,996.5227,180.2095
47,0,48,0,Vacular,1.0,0.0,516.0,195.0,495.0,173.0,362.0,504.98343,183.04697
48,0,49,0,NonVascular,0.01,0.99,782.0,229.0,737.0,175.0,1114.0,759.7774,198.32585
49,0,50,0,NonVascular,0.05,0.95,659.0,213.0,634.0,177.0,591.0,646.1455,195.04399
50,0,51,0,Vacular,0.95,0.05,575.0,195.0,559.0,178.0,226.0,566.66815,185.51328
51,0,52,0,NonVascular,0.16,0.84,1192.0,202.0,1170.0,181.0,318.0,1180.0345,191.64151
52,0,53,0,Vacular,0.94,0.06,1238.0,209.0,1220.0,188.0,262.0,1229.1145,198.9771
53,0,54,0,Vacular,0.64,0.36,631.0,226.0,559.0,190.0,1203.0,592.3367,207.48462
54,0,55,0,NonVascular,0.02,0.98,986.0,224.0,942.0,190.0,936.0,965.6068,205.3515
55,0,56,0,NonVascular,0.06,0.94,1059.0,216.0,1041.0,190.0,279.0,1049.8351,203.55914
56,0,57,0,NonVascular,0.05,0.95,709.0,211.0,676.0,192.0,453.0,690.2163,200.7373
57,0,58,0,NonVascular,0.02,0.98,256.0,309.0,200.0,209.0,2629.0,222.434,256.9281
58,0,59,0,Vacular,0.87,0.13,382.0,230.0,361.0,210.0,321.0,371.5327,219.3271
59,0,60,0,NonVascular,0.17,0.83,297.0,243.0,277.0,214.0,403.0,287.07196,228.067
60,0,61,0,NonVascular,0.02,0.98,484.0,261.0,431.0,220.0,891.0,454.89,239.02469
61,0,62,0,NonVascular,0.42,0.58,1736.0,241.0,1717.0,222.0,291.0,1725.0068,231.63231
62,0,63,0,NonVascular,0.19,0.81,1282.0,237.0,1272.0,228.0,54.0,1277.1482,231.18518
63,0,64,0,NonVascular,0.3,0.7,1097.0,283.0,1069.0,231.0,741.0,1083.7936,260.4251
64,0,65,0,Vacular,0.69,0.31,665.0,262.0,619.0,234.0,711.0,640.353,248.3263
65,0,66,0,NonVascular,0.17,0.83,716.0,257.0,690.0,235.0,376.0,703.07715,245.57979
66,0,67,0,Vacular,0.9,0.1,1240.0,261.0,1218.0,239.0,346.0,1228.8265,249.21387
67,0,68,0,NonVascular,0.36,0.64,1152.0,363.0,1104.0,240.0,2613.0,1124.1305,297.34406
68,0,69,0,NonVascular,0.13,0.87,995.0,256.0,982.0,241.0,148.0,987.9662,248.14865
69,0,70,0,NonVascular,0.01,0.99,908.0,288.0,821.0,242.0,1712.0,868.70856,261.15887
70,0,71,0,NonVascular,0.0,1.0,1035.0,287.0,991.0,243.0,1165.0,1015.2515,262.56824
71,0,72,0,Vacular,0.8,0.2,520.0,278.0,494.0,248.0,456.0,504.6316,262.0548
72,0,73,0,Vacular,0.66,0.34,484.0,287.0,455.0,255.0,531.0,469.51224,270.0433
73,0,74,0,NonVascular,0.12,0.88,585.0,288.0,512.0,255.0,1052.0,549.84503,272.09412
74,0,75,0,NonVascular,0.49,0.51,1588.0,272.0,1563.0,256.0,309.0,1574.9741,263.60193
75,0,76,0,NonVascular,0.41,0.59,1794.0,268.0,1781.0,256.0,111.0,1787.1532,261.84683
76,0,77,0,NonVascular,0.05,0.95,185.0,303.0,161.0,259.0,681.0,171.70338,278.37006
77,0,78,0,Vacular,0.97,0.03,434.0,280.0,409.0,259.0,320.0,423.47812,269.02814
78,0,79,0,Vacular,0.99,0.01,752.0,281.0,723.0,259.0,438.0,737.1827,269.79907
79,0,80,0,NonVascular,0.03,0.97,720.0,291.0,667.0,261.0,856.0,693.382,274.23248
80,0,81,0,NonVascular,0.03,0.97,1285.0,288.0,1247.0,261.0,760.0,1266.1592,274.74738
81,0,82,0,NonVascular,0.01,0.99,1208.0,294.0,1177.0,263.0,628.0,1193.2946,276.7054
82,0,83,0,NonVascular,0.26,0.74,794.0,287.0,769.0,265.0,344.0,782.2035,277.92734
83,0,84,0,Vacular,0.91,0.09,626.0,295.0,588.0,272.0,523.0,603.46655,283.782
84,0,85,0,NonVascular,0.13,0.87,1007.0,307.0,980.0,277.0,516.0,994.60077,290.62598
85,0,86,0,Vacular,0.51,0.49,454.0,362.0,359.0,281.0,2176.0,404.32538,325.95773
86,0,87,0,NonVascular,0.17,0.83,363.0,311.0,341.0,286.0,273.0,350.35898,297.6813
87,0,88,0,NonVascular,0.34,0.66,463.0,306.0,449.0,291.0,161.0,455.03107,298.22983
88,0,89,0,NonVascular,0.0,1.0,1085.0,319.0,1039.0,293.0,796.0,1064.1771,306.45856
89,0,90,0,NonVascular,0.19,0.81,567.0,325.0,530.0,299.0,678.0,547.7729,311.55164
90,0,91,0,NonVascular,0.01,0.99,640.0,345.0,567.0,303.0,1564.0,606.5876,325.13556
91,0,92,0,NonVascular,0.01,0.99,755.0,331.0,718.0,305.0,541.0,736.3605,315.939
92,0,93,0,Vacular,0.96,0.04,706.0,331.0,682.0,307.0,431.0,692.8654,319.16705
93,0,94,0,NonVascular,0.03,0.97,859.0,369.0,809.0,309.0,1325.0,834.01886,338.36377
94,0,95,0,NonVascular,0.22,0.78,1202.0,359.0,1162.0,312.0,1064.0,1179.14,333.8327
95,0,96,0,NonVascular,0.14,0.86,945.0,381.0,865.0,316.0,2120.0,902.77026,343.14197
96,0,97,0,NonVascular,0.02,0.98,1019.0,343.0,998.0,319.0,279.0,1009.6774,330.05734
97,0,98,0,NonVascular,0.2,0.8,181.0,343.0,160.0,322.0,355.0,169.92395,332.34366
98,0,99,0,NonVascular,0.04,0.96,786.0,344.0,761.0,322.0,225.0,770.67554,331.15555
99,0,100,0,NonVascular,0.03,0.97,1094.0,387.0,1027.0,324.0,1659.0,1058.7926,357.2393
100,0,101,0,NonVascular,0.01,0.99,294.0,398.0,205.0,331.0,2043.0,246.1537,352.01028
101,0,102,0,NonVascular,0.11,0.89,530.0,360.0,504.0,331.0,480.0,515.3875,345.29166
102,0,103,0,NonVascular,0.13,0.87,725.0,428.0,631.0,333.0,2156.0,682.8859,383.43832
103,0,104,0,Vacular,0.51,0.49,759.0,368.0,732.0,341.0,564.0,745.67377,352.79077
104,0,105,0,Vacular,0.75,0.25,361.0,403.0,325.0,343.0,989.0,340.10617,373.0546
105,0,106,0,NonVascular,0.12,0.88,1229.0,381.0,1204.0,345.0,623.0,1215.6035,361.30017
106,0,107,0,Vacular,0.91,0.09,384.0,367.0,365.0,349.0,210.0,374.89523,358.53333
107,0,108,0,NonVascular,0.06,0.94,1109.0,381.0,1086.0,349.0,539.0,1096.1132,364.99258
108,0,109,0,NonVascular,0.0,1.0,1013.0,402.0,947.0,351.0,1521.0,982.11505,377.1933
109,0,110,0,NonVascular,0.0,1.0,1375.0,390.0,1326.0,352.0,1118.0,1350.1655,368.28174
110,0,111,0,NonVascular,0.18,0.82,825.0,378.0,786.0,353.0,560.0,805.4018,366.78214
111,0,112,0,NonVascular,0.02,0.98,1192.0,451.0,1131.0,364.0,2122.0,1164.3186,409.93542
112,0,113,0,NonVascular,0.13,0.87,585.0,428.0,508.0,367.0,2048.0,546.22656,393.85547
113,0,114,0,NonVascular,0.02,0.98,314.0,475.0,151.0,370.0,4294.0,235.18234,415.96716
114,0,115,0,Vacular,1.0,0.0,773.0,394.0,747.0,370.0,400.0,761.3525,381.785
115,0,116,0,Vacular,0.8,0.2,380.0,385.0,368.0,371.0,111.0,373.52252,377.55856
116,0,117,0,Vacular,0.84,0.16,396.0,393.0,383.0,376.0,173.0,388.40463,384.0867
117,0,118,0,NonVascular,0.17,0.83,1427.0,391.0,1416.0,378.0,107.0,1420.8878,384.5327
118,0,119,0,NonVascular,0.01,0.99,914.0,426.0,875.0,379.0,775.0,896.26196,396.53937
119,0,120,0,NonVascular,0.01,0.99,886.0,505.0,739.0,388.0,6236.0,805.39417,446.66998
120,0,121,0,Vacular,0.55,0.45,428.0,499.0,383.0,391.0,1850.0,409.1038,444.59027
121,0,122,0,Vacular,0.93,0.07,450.0,410.0,434.0,398.0,141.0,440.96454,403.93616
122,0,123,0,NonVascular,0.08,0.92,753.0,427.0,736.0,398.0,359.0,743.64343,412.64066
123,0,124,0,NonVascular,0.19,0.81,160.0,412.0,148.0,402.0,100.0,153.33,406.19
124,0,125,0,NonVascular,0.35,0.65,1123.0,413.0,1113.0,402.0,81.0,1117.4814,406.75308
125,0,126,0,NonVascular,0.02,0.98,960.0,449.0,934.0,403.0,719.0,945.5897,428.17804
126,0,127,0,NonVascular,0.42,0.58,502.0,414.0,492.0,405.0,64.0,496.34375,408.59375
127,0,128,0,NonVascular,0.31,0.69,458.0,418.0,450.0,409.0,51.0,453.0,412.80392
128,0,129,0,Vacular,0.51,0.49,1109.0,503.0,1027.0,412.0,1729.0,1071.3302,455.37885
129,0,130,0,NonVascular,0.02,0.98,1362.0,429.0,1348.0,412.0,169.0,1353.7278,421.0651
130,0,131,0,NonVascular,0.05,0.95,1015.0,461.0,998.0,414.0,354.0,1007.0706,432.61017
131,0,132,0,Vacular,0.59,0.41,523.0,508.0,455.0,415.0,1737.0,493.68106,453.2533
132,0,133,0,NonVascular,0.04,0.96,342.0,450.0,313.0,427.0,406.0,327.532,438.92856
133,0,134,0,NonVascular,0.07,0.93,690.0,445.0,675.0,432.0,126.0,681.619,438.99207
134,0,135,0,Vacular,0.85,0.15,571.0,451.0,551.0,433.0,286.0,560.7692,441.23425
135,0,136,0,NonVascular,0.01,0.99,924.0,601.0,819.0,434.0,5314.0,870.49475,514.2092
136,0,137,0,NonVascular,0.15,0.85,710.0,450.0,696.0,437.0,104.0,702.16345,443.14423
137,0,138,0,Vacular,0.99,0.01,732.0,465.0,711.0,440.0,384.0,721.8073,451.79947
138,0,139,0,NonVascular,0.14,0.86,263.0,463.0,249.0,448.0,147.0,255.40816,454.78912
139,0,140,0,NonVascular,0.25,0.75,555.0,457.0,547.0,448.0,55.0,550.3273,452.16364
140,0,141,0,Vacular,0.95,0.05,1227.0,476.0,1205.0,449.0,403.0,1215.8561,460.76923
141,0,142,0,Vacular,0.99,0.01,547.0,474.0,530.0,454.0,271.0,538.3321,463.15497
142,0,143,0,Vacular,0.99,0.01,1138.0,475.0,1115.0,455.0,340.0,1126.3059,463.96765
143,0,144,0,NonVascular,0.05,0.95,89.0,477.0,69.0,458.0,266.0,79.06767,467.2669
144,0,145,0,Vacular,0.89,0.11,1010.0,486.0,989.0,458.0,422.0,998.85547,471.36255
145,0,146,0,Vacular,0.92,0.08,1052.0,487.0,1029.0,462.0,409.0,1039.7799,474.2005
146,0,147,0,Vacular,0.68,0.32,492.0,508.0,457.0,464.0,789.0,473.29532,488.77438
147,0,148,0,NonVascular,0.11,0.89,353.0,592.0,206.0,469.0,5396.0,277.66272,535.7057
148,0,149,0,NonVascular,0.22,0.78,441.0,483.0,434.0,469.0,62.0,436.69354,475.3387
149,0,150,0,NonVascular,0.01,0.99,253.0,515.0,207.0,478.0,822.0,228.99513,497.16666
150,0,151,0,NonVascular,0.0,1.0,1205.0,519.0,1176.0,484.0,669.0,1188.5411,501.32437
151,0,152,0,NonVascular,0.08,0.92,195.0,576.0,127.0,490.0,1656.0,166.13164,530.27295
152,0,153,0,NonVascular,0.21,0.79,61.0,501.0,51.0,491.0,71.0,55.014084,495.67606
153,0,154,0,NonVascular,0.35,0.65,829.0,564.0,782.0,494.0,1745.0,803.9358,527.0149
154,0,155,0,Vacular,0.8,0.2,1074.0,540.0,1036.0,494.0,788.0,1057.2157,513.78046
155,0,156,0,NonVascular,0.3,0.7,406.0,597.0,358.0,496.0,2149.0,382.82736,545.1419
156,0,157,0,NonVascular,0.02,0.98,704.0,572.0,624.0,496.0,2012.0,667.33844,537.3494
157,0,158,0,NonVascular,0.04,0.96,1003.0,522.0,977.0,498.0,436.0,989.00916,508.84174
158,0,159,0,NonVascular,0.01,0.99,610.0,582.0,515.0,499.0,3062.0,569.31354,541.8119
159,0,160,0,NonVascular,0.19,0.81,912.0,513.0,897.0,499.0,119.0,904.84033,506.13446
160,0,161,0,NonVascular,0.29,0.71,641.0,515.0,631.0,504.0,82.0,635.7683,509.40244
161,0,162,0,Vacular,0.66,0.34,142.0,553.0,109.0,518.0,550.0,124.49273,533.08545
162,0,163,0,NonVascular,0.08,0.92,762.0,567.0,725.0,519.0,807.0,742.0843,542.6357
163,0,164,0,NonVascular,0.0,1.0,1186.0,571.0,1120.0,519.0,1654.0,1150.3331,545.70435
164,0,165,0,NonVascular,0.23,0.77,951.0,533.0,936.0,523.0,120.0,943.14166,527.275
165,0,166,0,NonVascular,0.01,0.99,452.0,576.0,426.0,526.0,827.0,438.58524,548.8283
166,0,167,0,NonVascular,0.19,0.81,1073.0,731.0,908.0,533.0,11128.0,986.83636,630.72107
167,0,168,0,Vacular,0.85,0.15,1216.0,578.0,1185.0,545.0,591.0,1199.7174,561.02875
168,0,169,0,Vacular,0.87,0.13,621.0,590.0,584.0,563.0,606.0,600.6452,574.34656
169,0,170,0,NonVascular,0.33,0.67,151.0,582.0,139.0,573.0,87.0,144.66667,577.2759
170,0,171,0,NonVascular,0.32,0.68,909.0,581.0,900.0,573.0,52.0,904.38464,576.2308
171,0,172,0,NonVascular,0.2,0.8,540.0,675.0,403.0,579.0,3570.0,470.986,636.4073
172,0,173,0,NonVascular,0.0,1.0,706.0,617.0,665.0,581.0,871.0,685.2399,599.2721
173,0,174,0,NonVascular,0.06,0.94,1199.0,744.0,1085.0,582.0,4781.0,1147.1157,658.84143
174,0,175,0,Vacular,0.99,0.01,398.0,614.0,377.0,593.0,339.0,387.1416,602.8938
175,0,176,0,NonVascular,0.01,0.99,608.0,712.0,533.0,594.0,3278.0,571.9368,639.34106
176,0,177,0,NonVascular,0.05,0.95,316.0,650.0,241.0,600.0,1775.0,281.55435,624.87494
177,0,178,0,NonVascular,0.2,0.8,359.0,620.0,348.0,605.0,58.0,353.2414,611.89655
178,0,179,0,NonVascular,0.25,0.75,422.0,616.0,400.0,606.0,158.0,410.7595,610.4747
179,0,180,0,NonVascular,0.35,0.65,736.0,626.0,722.0,610.0,172.0,728.6628,617.3953
180,0,181,0,NonVascular,0.45,0.55,383.0,623.0,369.0,613.0,102.0,375.32352,617.53925
181,0,182,0,NonVascular,0.23,0.77,891.0,655.0,865.0,616.0,635.0,878.10394,632.69763
182,0,183,0,NonVascular,0.02,0.98,655.0,642.0,620.0,620.0,479.0,636.2025,631.762
183,0,184,0,Vacular,0.98,0.02,223.0,653.0,201.0,627.0,399.0,211.61403,638.594
184,0,185,0,NonVascular,0.02,0.98,882.0,719.0,770.0,628.0,3821.0,827.70215,666.693
185,0,186,0,NonVascular,0.2,0.8,737.0,641.0,727.0,629.0,73.0,731.53424,634.56165
186,0,187,0,NonVascular,0.03,0.97,199.0,676.0,165.0,631.0,746.0,179.40215,650.3056
187,0,188,0,NonVascular,0.22,0.78,792.0,746.0,636.0,643.0,5237.0,711.56384,692.3555
188,0,189,0,NonVascular,0.01,0.99,260.0,712.0,217.0,649.0,1167.0,232.32133,679.24164
189,0,190,0,NonVascular,0.11,0.89,156.0,669.0,145.0,654.0,106.0,150.53773,660.8679
190,0,191,0,Vacular,0.95,0.05,649.0,688.0,628.0,664.0,396.0,637.8409,675.92676
191,0,192,0,NonVascular,0.03,0.97,493.0,741.0,418.0,677.0,2431.0,461.42493,713.4418
192,0,193,0,Vacular,0.98,0.02,1372.0,703.0,1351.0,679.0,367.0,1360.4469,690.8202
193,0,194,0,NonVascular,0.01,0.99,130.0,701.0,114.0,680.0,170.0,121.329414,688.50586
194,0,195,0,Vacular,0.87,0.13,425.0,708.0,403.0,685.0,367.0,412.3188,695.8692
195,0,196,0,NonVascular,0.05,0.95,1146.0,712.0,1107.0,687.0,563.0,1127.373,699.64124
196,0,197,0,NonVascular,0.03,0.97,371.0,733.0,337.0,702.0,636.0,352.15094,715.2532
197,0,198,0,NonVascular,0.3,0.7,623.0,725.0,612.0,713.0,74.0,617.52704,717.77026
198,0,199,0,Vacular,0.97,0.03,935.0,739.0,913.0,718.0,353.0,923.1671,727.88385
199,0,200,0,Vacular,0.91,0.09,614.0,746.0,588.0,723.0,409.0,599.84595,734.1369
200,0,201,0,Vacular,0.78,0.22,1238.0,752.0,1219.0,730.0,314.0,1227.7803,740.8248
201,0,202,0,NonVascular,0.01,0.99,581.0,761.0,545.0,731.0,545.0,564.77246,744.94495
202,0,203,0,NonVascular,0.08,0.92,770.0,796.0,648.0,738.0,3518.0,716.81354,767.6487
203,0,204,0,NonVascular,0.04,0.96,1088.0,824.0,984.0,738.0,3363.0,1039.1814,775.5159
204,0,205,0,Vacular,0.95,0.05,371.0,762.0,346.0,741.0,406.0,358.07883,750.8916
205,0,206,0,NonVascular,0.09,0.91,490.0,793.0,460.0,760.0,559.0,475.08945,773.12524
206,0,207,0,NonVascular,0.04,0.96,346.0,786.0,318.0,762.0,468.0,330.8718,772.74146
207,0,208,0,NonVascular,0.03,0.97,896.0,838.0,833.0,763.0,2116.0,867.5775,797.6111
208,0,209,0,NonVascular,0.33,0.67,262.0,788.0,240.0,767.0,351.0,250.44159,776.8148
209,0,210,0,NonVascular,0.14,0.86,1192.0,787.0,1181.0,773.0,96.0,1185.5729,778.92706
210,0,211,0,Vacular,0.75,0.25,566.0,798.0,516.0,775.0,680.0,536.2,785.6588
211,0,212,0,Vacular,0.99,0.01,589.0,811.0,568.0,786.0,399.0,578.4737,797.8772
212,0,213,0,Vacular,0.97,0.03,477.0,809.0,454.0,788.0,348.0,464.14655,798.6839
213,0,214,0,NonVascular,0.13,0.87,727.0,899.0,597.0,789.0,7300.0,663.55066,842.8715
214,0,215,0,Vacular,0.82,0.18,221.0,802.0,210.0,790.0,100.0,215.34,795.36
215,0,216,0,NonVascular,0.04,0.96,547.0,831.0,515.0,806.0,428.0,533.40186,817.1729
216,0,217,0,Vacular,0.83,0.17,446.0,831.0,418.0,811.0,373.0,432.17426,820.3298
217,0,218,0,NonVascular,0.12,0.88,534.0,1102.0,420.0,812.0,10805.0,484.90457,964.9565
218,0,219,0,Vacular,0.89,0.11,1255.0,835.0,1231.0,812.0,414.0,1242.901,822.54346
219,0,220,0,NonVascular,0.19,0.81,1177.0,834.0,1168.0,824.0,63.0,1171.873,829.0635
220,0,221,0,NonVascular,0.22,0.78,418.0,942.0,333.0,828.0,3097.0,378.70972,872.5263
221,0,222,0,Vacular,0.5,0.5,1652.0,846.0,1633.0,828.0,254.0,1641.6654,836.42914
222,0,223,0,NonVascular,0.17,0.83,1233.0,843.0,1224.0,831.0,72.0,1227.9584,836.4861
223,0,224,0,Vacular,0.95,0.05,931.0,862.0,910.0,840.0,386.0,920.36786,850.28754
224,0,225,0,NonVascular,0.01,0.99,1318.0,889.0,1282.0,840.0,1069.0,1299.9617,861.0028
225,0,226,0,NonVascular,0.21,0.79,1483.0,855.0,1467.0,842.0,75.0,1475.6533,847.56
226,0,227,0,NonVascular,0.06,0.94,540.0,875.0,515.0,843.0,407.0,527.37836,860.5872
227,0,228,0,NonVascular,0.42,0.58,237.0,869.0,224.0,854.0,152.0,229.875,860.5066
228,0,229,0,NonVascular,0.04,0.96,788.0,889.0,747.0,855.0,813.0,766.05414,870.54614
229,0,230,0,NonVascular,0.0,1.0,884.0,896.0,822.0,855.0,1166.0,848.1621,876.55316
230,0,231,0,Vacular,0.57,0.43,1560.0,873.0,1539.0,856.0,293.0,1548.8328,863.76794
231,0,232,0,NonVascular,0.08,0.92,1119.0,875.0,1104.0,858.0,122.0,1110.8197,865.0984
232,0,233,0,NonVascular,0.07,0.93,637.0,897.0,609.0,860.0,492.0,622.0203,879.5874
233,0,234,0,NonVascular,0.33,0.67,285.0,889.0,246.0,861.0,783.0,264.73434,874.3768
234,0,235,0,NonVascular,0.02,0.98,1074.0,908.0,1037.0,862.0,766.0,1056.2728,877.3721
235,0,236,0,NonVascular,0.39,0.61,1921.0,892.0,1901.0,870.0,318.0,1910.8837,879.85535
236,0,237,0,NonVascular,0.25,0.75,608.0,889.0,601.0,879.0,54.0,604.0,883.2778
237,0,238,0,NonVascular,0.05,0.95,1009.0,895.0,992.0,882.0,172.0,1000.72675,888.2151
238,0,239,0,NonVascular,0.02,0.98,358.0,926.0,335.0,886.0,499.0,346.98596,904.72546
239,0,240,0,NonVascular,0.27,0.73,1059.0,912.0,1033.0,888.0,451.0,1044.1241,900.29047
240,0,241,0,NonVascular,0.19,0.81,758.0,900.0,744.0,891.0,92.0,750.56525,894.70654
241,0,242,0,Vacular,0.81,0.19,800.0,924.0,768.0,894.0,587.0,783.30664,910.1124
242,0,243,0,NonVascular,0.17,0.83,1085.0,943.0,1065.0,904.0,500.0,1075.518,923.278
243,0,244,0,Vacular,0.87,0.13,581.0,931.0,557.0,905.0,432.0,570.09955,918.2014
244,0,245,0,Vacular,1.0,0.0,1006.0,925.0,985.0,905.0,332.0,994.738,914.7108
245,0,246,0,NonVascular,0.2,0.8,549.0,933.0,532.0,908.0,324.0,541.01544,920.4475
246,0,247,0,NonVascular,0.17,0.83,885.0,1002.0,826.0,909.0,2565.0,857.8994,949.3041
247,0,248,0,NonVascular,0.48,0.52,267.0,926.0,258.0,917.0,65.0,262.16922,920.9231
248,0,249,0,Vacular,0.65,0.35,1008.0,966.0,957.0,932.0,846.0,983.5626,953.2364
249,0,250,0,NonVascular,0.02,0.98,710.0,1040.0,550.0,935.0,6586.0,637.20496,994.94275
250,0,251,0,NonVascular,0.19,0.81,350.0,948.0,339.0,939.0,68.0,343.92648,943.2206
251,0,252,0,NonVascular,0.21,0.79,337.0,956.0,324.0,942.0,140.0,330.35,948.0357
252,0,253,0,Vacular,0.82,0.18,403.0,966.0,379.0,947.0,245.0,388.16327,956.2775
253,0,254,0,NonVascular,0.21,0.79,954.0,961.0,946.0,949.0,56.0,949.8929,954.6607
254,0,255,0,NonVascular,0.42,0.58,1762.0,974.0,1747.0,955.0,212.0,1753.8302,963.8774
255,0,256,0,NonVascular,0.37,0.63,410.0,992.0,390.0,964.0,318.0,401.22955,978.7327
256,0,257,0,Vacular,0.98,0.02,566.0,991.0,545.0,967.0,412.0,555.6699,978.24756
257,0,258,0,Vacular,0.88,0.12,1035.0,1007.0,1013.0,971.0,575.0,1023.0209,986.5061
258,0,259,0,NonVascular,0.18,0.82,1155.0,1005.0,1139.0,984.0,237.0,1146.6666,994.75525
259,0,260,0,NonVascular,0.03,0.97,1001.0,1032.0,964.0,986.0,971.0,981.3193,1010.24304
260,0,261,0,NonVascular,0.02,0.98,835.0,1008.0,799.0,988.0,454.0,816.58813,997.9714
261,0,262,0,Vacular,0.99,0.01,408.0,1013.0,383.0,992.0,379.0,394.02112,1001.9103
262,0,263,0,Vacular,0.97,0.03,379.0,1027.0,358.0,1001.0,392.0,367.7806,1014.3112
263,0,264,0,NonVascular,0.29,0.71,956.0,1131.0,865.0,1007.0,3930.0,910.7649,1069.5791
264,0,265,0,Vacular,0.72,0.28,733.0,1041.0,706.0,1008.0,588.0,719.91156,1026.2875
265,0,266,0,NonVascular,0.32,0.68,804.0,1085.0,750.0,1010.0,1972.0,773.4123,1048.2992
266,0,267,0,NonVascular,0.22,0.78,858.0,1024.0,849.0,1013.0,64.0,853.0469,1017.8594
267,0,268,0,NonVascular,0.04,0.96,1042.0,1053.0,1024.0,1016.0,340.0,1031.9353,1031.9647
268,0,269,0,NonVascular,0.23,0.77,237.0,1033.0,222.0,1019.0,107.0,227.30841,1026.9065
269,0,270,0,NonVascular,0.33,0.67,867.0,1031.0,859.0,1022.0,55.0,862.1818,1025.8363
270,0,271,0,NonVascular,0.0,1.0,486.0,1114.0,417.0,1027.0,2353.0,452.1415,1075.6808
271,0,272,0,NonVascular,0.43,0.57,1668.0,1040.0,1653.0,1031.0,111.0,1660.2343,1035.3513
272,0,273,0,NonVascular,0.01,0.99,297.0,1050.0,282.0,1033.0,184.0,289.15216,1041.5272
273,0,274,0,NonVascular,0.24,0.76,1402.0,1051.0,1384.0,1036.0,200.0,1391.86,1043.5
274,0,275,0,Vacular,0.6,0.4,371.0,1084.0,337.0,1056.0,532.0,352.37595,1070.3516
275,0,276,0,NonVascular,0.17,0.83,1025.0,1068.0,1013.0,1057.0,83.0,1018.89154,1061.8555
276,0,277,0,NonVascular,0.03,0.97,404.0,1091.0,376.0,1062.0,614.0,390.80292,1077.2134
277,0,278,0,NonVascular,0.03,0.97,658.0,1091.0,633.0,1062.0,427.0,646.726,1076.1078
278,0,279,0,NonVascular,0.36,0.64,1754.0,1092.0,1738.0,1071.0,290.0,1745.2137,1081.4896
279,0,280,0,Vacular,0.78,0.22,619.0,1101.0,577.0,1072.0,708.0,601.62286,1085.4252
280,0,281,0,NonVascular,0.03,0.97,1006.0,1110.0,986.0,1077.0,431.0,996.31555,1093.7981
281,0,282,0,NonVascular,0.01,0.99,875.0,1145.0,780.0,1089.0,2255.0,828.3596,1117.8124
282,0,283,0,NonVascular,0.07,0.93,1048.0,1122.0,1029.0,1092.0,338.0,1037.0592,1103.648
283,0,284,0,Vacular,0.93,0.07,683.0,1134.0,663.0,1098.0,476.0,673.70166,1112.9559
284,0,285,0,Vacular,0.99,0.01,760.0,1124.0,734.0,1101.0,442.0,746.40045,1112.4435
285,0,286,0,NonVascular,0.18,0.82,559.0,1129.0,546.0,1116.0,106.0,551.90564,1121.1227
286,0,287,0,NonVascular,0.12,0.88,1065.0,1153.0,1038.0,1120.0,642.0,1050.7103,1136.0638
287,0,288,0,NonVascular,0.0,1.0,676.0,1161.0,621.0,1121.0,1057.0,647.31506,1138.3416
288,0,289,0,NonVascular,0.04,0.96,727.0,1172.0,699.0,1121.0,655.0,709.2519,1141.3939
289,0,290,0,NonVascular,0.07,0.93,555.0,1160.0,533.0,1136.0,311.0,544.164,1148.6624
290,0,291,0,Vacular,0.59,0.41,847.0,1196.0,768.0,1138.0,1392.0,810.06323,1165.2012
291,0,292,0,NonVascular,0.13,0.87,465.0,1191.0,422.0,1150.0,898.0,441.2205,1172.8842
292,0,293,0,Vacular,0.7,0.3,1065.0,1189.0,1037.0,1158.0,594.0,1049.431,1173.0454
293,0,294,0,NonVascular,0.06,0.94,943.0,1195.0,911.0,1159.0,937.0,926.9648,1175.4813
294,0,295,0,NonVascular,0.08,0.92,995.0,1189.0,947.0,1161.0,775.0,971.38965,1176.0181
295,0,296,0,NonVascular,0.33,0.67,1424.0,1190.0,1403.0,1163.0,460.0,1412.7347,1176.3326
296,0,297,0,NonVascular,0.09,0.91,600.0,1188.0,580.0,1165.0,362.0,589.105,1176.5608
297,0,298,0,NonVascular,0.27,0.73,741.0,1178.0,732.0,1166.0,75.0,735.5867,1171.16
298,0,299,0,Vacular,1.0,0.0,699.0,1197.0,677.0,1175.0,373.0,687.6488,1185.437
299,0,300,0,Vacular,0.92,0.08,773.0,1199.0,753.0,1178.0,324.0,763.50616,1187.9012
300,0,301,0,NonVascular,0.32,0.68,879.0,1200.0,858.0,1180.0,292.0,868.33905,1190.1062
301,0,302,0,NonVascular,0.22,0.78,1705.0,1230.0,1626.0,1182.0,1537.0,1663.622,1204.1503
302,0,303,0,NonVascular,0.16,0.84,566.0,1205.0,549.0,1189.0,137.0,556.0584,1195.6935
303,0,304,0,NonVascular,0.02,0.98,663.0,1290.0,584.0,1192.0,3906.0,625.5917,1236.1615
304,0,305,0,NonVascular,0.39,0.61,891.0,1207.0,877.0,1196.0,66.0,883.5606,1200.591
305,0,306,0,Vacular,0.78,0.22,921.0,1249.0,878.0,1206.0,864.0,898.691,1228.8854
306,0,307,0,NonVascular,0.04,0.96,1040.0,1267.0,972.0,1206.0,1626.0,1010.77124,1237.9951
307,0,308,0,Vacular,0.94,0.06,987.0,1228.0,960.0,1209.0,419.0,973.2482,1218.0525
308,0,309,0,Vacular,0.84,0.16,548.0,1246.0,502.0,1210.0,843.0,524.83746,1226.2977
309,0,310,0,NonVascular,0.2,0.8,698.0,1221.0,683.0,1210.0,89.0,690.8315,1213.7528
310,0,311,0,NonVascular,0.36,0.64,927.0,1221.0,918.0,1212.0,50.0,922.18,1216.38
311,0,312,0,NonVascular,0.26,0.74,342.0,1235.0,330.0,1222.0,116.0,335.2069,1227.7413
312,0,313,0,NonVascular,0.02,0.98,740.0,1318.0,675.0,1223.0,2683.0,709.6437,1262.9962
313,0,314,0,Vacular,0.98,0.02,459.0,1255.0,437.0,1233.0,379.0,447.3905,1242.9789
314,0,315,0,NonVascular,0.17,0.83,869.0,1248.0,858.0,1238.0,81.0,862.85187,1243.0864
315,0,316,0,NonVascular,0.06,0.94,588.0,1269.0,565.0,1239.0,501.0,576.38525,1253.1996
316,0,317,0,NonVascular,0.43,0.57,952.0,1291.0,909.0,1241.0,1157.0,930.8047,1268.0242
317,0,318,0,NonVascular,0.34,0.66,506.0,1272.0,482.0,1248.0,400.0,494.165,1259.1975
318,0,319,0,NonVascular,0.11,0.89,842.0,1275.0,825.0,1249.0,237.0,832.9409,1260.1434
319,0,320,0,NonVascular,0.23,0.77,874.0,1282.0,856.0,1258.0,156.0,866.2308,1269.3397
320,0,321,0,NonVascular,0.05,0.95,547.0,1291.0,523.0,1266.0,398.0,535.5452,1277.5905
321,0,322,0,Vacular,0.63,0.37,1424.0,1293.0,1405.0,1269.0,341.0,1414.5953,1280.22
322,0,323,0,NonVascular,0.32,0.68,948.0,1380.0,818.0,1275.0,3413.0,867.38,1323.7891
323,0,324,0,NonVascular,0.02,0.98,1833.0,1379.0,1794.0,1280.0,2072.0,1811.6178,1326.3354
324,0,325,0,Vacular,0.96,0.04,605.0,1303.0,579.0,1281.0,416.0,592.39905,1291.4976
325,0,326,0,NonVascular,0.18,0.82,1392.0,1300.0,1377.0,1285.0,108.0,1384.5741,1291.9259
326,0,327,0,NonVascular,0.31,0.69,748.0,1376.0,659.0,1292.0,2480.0,705.4637,1335.185
327,0,328,0,Vacular,0.71,0.29,1143.0,1332.0,1096.0,1292.0,788.0,1122.0673,1313.8667
328,0,329,0,NonVascular,0.42,0.58,521.0,1324.0,500.0,1295.0,435.0,509.84598,1310.5448
329,0,330,0,NonVascular,0.48,0.52,1673.0,1319.0,1654.0,1297.0,333.0,1663.4985,1307.4595
330,0,331,0,NonVascular,0.07,0.93,1295.0,1336.0,1278.0,1311.0,290.0,1286.431,1322.469
331,0,332,0,NonVascular,0.03,0.97,1073.0,1434.0,988.0,1316.0,5133.0,1034.0288,1377.0282
332,0,333,0,NonVascular,0.11,0.89,805.0,1354.0,750.0,1329.0,752.0,782.4641,1342.8949
333,0,334,0,NonVascular,0.38,0.62,701.0,1452.0,577.0,1330.0,3619.0,636.4556,1385.082
334,0,335,0,NonVascular,0.32,0.68,563.0,1423.0,474.0,1334.0,2743.0,517.8028,1376.591
335,0,336,0,Vacular,0.76,0.24,693.0,1370.0,659.0,1342.0,500.0,672.744,1354.2
336,0,337,0,NonVascular,0.45,0.55,315.0,1363.0,298.0,1350.0,155.0,305.98065,1355.6064
337,0,338,0,NonVascular,0.04,0.96,900.0,1374.0,882.0,1352.0,302.0,890.1656,1363.5696
338,0,339,0,Vacular,0.97,0.03,1664.0,1390.0,1645.0,1367.0,345.0,1654.055,1378.2377
339,0,340,0,NonVascular,0.08,0.92,1119.0,1392.0,1093.0,1377.0,242.0,1105.3884,1383.3182
340,0,341,0,NonVascular,0.47,0.53,1234.0,1396.0,1212.0,1377.0,303.0,1222.4785,1385.9967
341,0,342,0,NonVascular,0.06,0.94,869.0,1418.0,834.0,1379.0,638.0,848.2335,1400.7555
342,0,343,0,Vacular,0.97,0.03,897.0,1404.0,875.0,1384.0,363.0,884.87054,1392.9862
343,0,344,0,NonVascular,0.01,0.99,968.0,1460.0,927.0,1388.0,1580.0,946.68164,1427.1614
344,0,345,0,NonVascular,0.04,0.96,1845.0,1434.0,1779.0,1395.0,1338.0,1808.9686,1414.101
345,0,346,0,NonVascular,0.16,0.84,1182.0,1438.0,1156.0,1405.0,636.0,1169.1101,1421.0944
346,0,347,0,Vacular,0.75,0.25,920.0,1442.0,898.0,1407.0,535.0,908.06726,1424.6804
347,0,348,0,NonVascular,0.04,0.96,763.0,1460.0,742.0,1420.0,473.0,752.86255,1439.888
348,0,349,0,NonVascular,0.07,0.93,625.0,1456.0,581.0,1421.0,852.0,598.9073,1437.3522
349,0,350,0,Vacular,0.88,0.12,740.0,1450.0,715.0,1421.0,462.0,726.145,1433.5173
350,0,351,0,NonVascular,0.14,0.86,841.0,1460.0,817.0,1424.0,567.0,830.0635,1444.5679
351,0,352,0,NonVascular,0.05,0.95,884.0,1448.0,867.0,1424.0,288.0,874.4028,1434.9479
352,0,353,0,Vacular,0.88,0.12,1797.0,1447.0,1772.0,1425.0,404.0,1783.4307,1436.0396
353,0,354,0,NonVascular,0.18,0.82,383.0,1438.0,370.0,1426.0,106.0,375.4151,1431.566
354,0,355,0,NonVascular,0.16,0.84,669.0,1460.0,628.0,1433.0,670.0,647.27014,1447.1119
355,0,356,0,NonVascular,0.11,0.89,1037.0,1460.0,1010.0,1441.0,406.0,1023.0887,1451.271
356,0,357,0,NonVascular,0.07,0.93,919.0,1460.0,903.0,1452.0,101.0,909.9109,1456.1089
